<?xml version="1.0"?>
<!-- HT3Y Mavlink Message Definition File -->
<!-- @author: wyb and fl                  -->
<!-- @version: v2.0                       -->
<!-- @changed time: 2019.11.5             -->
<mavlink>
  <include>common.xml</include>
  <dialect>3</dialect>
  <messages>
    <message id="200" name="PX4TONUC">
      <description>HTSY need the msg which px4 sends to NUC </description>
      <field type="uint16_t" name="frame_head">the frame head of the msg (microseconds since system boot or since UNIX epoch).</field>
      <field type="uint16_t" name="frame_num"> to recongize the msg</field>
      <field type="uint16_t" name="frame_count">0-65535 </field>
      <field type="uint16_t" name="plane_status">to be configured by ourselves when needed(see introduction 2) </field>
      <field type="uint8_t" name="instruction_status">to implicated whether the instruction is done(0 perfers to completed, 1 perfers to not)</field>
      <field type="uint8_t" name="waypoint_upload_flag">Waypoint upload flag:0-free|1-successful|2-defeat  </field>
      <field type="int32_t" name="n_pos">Northward position</field>
      <field type="int32_t" name="e_pos">Eastward position</field>
      <field type="int32_t" name="fus_het">Fusion height </field>
      <field type="int32_t" name="n_v">Northward velocity</field>
      <field type="int32_t" name="e_v">Eastward velocity</field>
      <field type="int32_t" name="v_v">vertical velocity</field>
      <field type="int16_t" name="pitch">pitch </field>
      <field type="int16_t" name="roll"> roll </field>
      <field type="int16_t" name="yaw">  yaw </field>
      <field type="int32_t" name="lon">longitude </field>
      <field type="int32_t" name="lat">latitude </field>
      <field type="int64_t" name="utc">utc </field>
      <field type="uint8_t" name="satellite_used">satellite used </field>
      <field type="uint8_t" name="gps_fix_type">fix_type (see vehicle_gps_position) </field>
      <field type="uint8_t" name="check_flag">the flag implicating whether it finished self-check </field>
      <field type="uint16_t" name="selfcheck_status">Different data bits represent different states </field>
      <field type="int32_t" name="tilt_of_platform">  Tilt of platform, when use camera platform </field>
      <field type="uint8_t" name="Throwing_state">  0 prefers to do not throw,while 1 prefers to do  </field>
      <field type="uint8_t" name="work_finish_flag">  0 prefers to do not need to update, 1 prefers to can update, the mission added by nuc, and px4 always returns 0</field>
      <field type="uint8_t" name="control_mode">  40/41/42 angle controlling mode/Speed control mode/Position mode control </field>
      <field type="int32_t" name="barometric_altitude">  Barometric altitude </field>
      <field type="int32_t" name="radar_altitude">  Radar altitude </field>
      <field type="int32_t" name="acceleration_height">  Acceleration Height </field>
      <field type="int32_t" name="satellite_altitude">  Satellite altitude </field>
      <field type="int16_t" name="x_axis_acceleration"> X_axis_acceleration short</field>
      <field type="int16_t" name="y_axis_acceleration"> y_axis_acceleration short</field>
      <field type="int16_t" name="z_axis_acceleration"> z_axis_acceleration short</field>
      <field type="int16_t" name="x_axis_angula_velocity"> x-axis angular velocity short</field>
      <field type="int16_t" name="y_axis_angula_velocity"> y-axis angular velocity short</field>
      <field type="int16_t" name="z_axis_angula_velocity"> z-axis angular velocity short</field>
      <field type="int16_t" name="airspeed"> cm/s</field>
      <field type="uint64_t" name="reserve_word1"> unused word </field>
      <field type="uint16_t" name="reserve_word2"> unused word </field>
      <field type="uint16_t" name="checksum">  add up the data from the first place to the last place before checking, take 16 places lower </field>
    </message>
    <message id="201" name="NUC_ACTION_CONT">
      <description>HTSY need the msg which NUC sends to px4, it is used to control planes' action </description>
      <field type="uint16_t" name="frame_head">the frame head of the msg (microseconds since system boot or since UNIX epoch).</field>
      <field type="uint16_t" name="frame_num"> to recongize the msg</field>
      <field type="uint8_t" name="command_count">0-255 </field>
      <field type="uint16_t" name="control_instruction">(see introduction 1) </field>
      <field type="uint16_t" name="frame_count">0-65535</field>
      <field type="uint8_t" name="uav_num">the number of uav(px4) </field>
      <field type="int32_t" name="altitude">the information of altitude</field>
      <field type="int64_t" name="reserve_word">unused word</field>
      <field type="uint16_t" name="checksum">  add up the data from the first place to the last place before checking, take 16 places lower  </field>
    </message>
    <message id="202" name="NUC_MODE_CONT">
      <description>HTSY need the msg which NUC sends to px4</description>
      <field type="uint16_t" name="frame_head">the frame head of the msg (microseconds since system boot or since UNIX epoch).</field>
      <field type="uint16_t" name="frame_num"> to recongize the msg</field>
      <field type="uint8_t" name="order_seq">0-255 </field>
      <field type="uint16_t" name="frame_seq">0-65535</field>
      <field type="uint8_t" name="control_mode"> -- </field>
      <field type="float" name="param1">different mode has different meanings.(roll/speed_x/lon)</field>
      <field type="float" name="param2">(pitch/speed_y/lat)</field>
      <field type="float" name="param3">(none /speed_z/alt)</field>
      <field type="float" name="param4">(nz)</field>
      <field type="float" name="yaw">degree</field>
      <field type="uint8_t" name="yaw_use"> the flag indicated whether used yaw,direction of rotation, 0 clockwise, 1 anticlockwise</field>
      <field type="int16_t" name="tilt_of_platform">-90-90 degree </field>
      <field type="uint8_t" name="package_length">the length of this msg or pack  </field>
      <field type="uint8_t" name="package_id">the msgid of this pack </field>
      <field type="uint8_t" name="reserve_word">unused word </field>
      <field type="uint16_t" name="checksum">  add up the data from the first place to the last place before checking, take 16 places lower </field>
    </message>
  </messages>
</mavlink>
